Cedula_Identidad,Contrasenia_Hash
1000000,$2b$12$rAL3s9ghywV/fOFLv8CGDemGzUFqDiATiwdYQygXl9gNIbMF63gdi
1100000,$2b$12$rAL3s9ghywV/fOFLv8CGDemGzUFqDiATiwdYQygXl9gNIbMF63gdi
1200000,$2b$12$rAL3s9ghywV/fOFLv8CGDemGzUFqDiATiwdYQygXl9gNIbMF63gdi
1300000,$2b$12$rAL3s9ghywV/fOFLv8CGDemGzUFqDiATiwdYQygXl9gNIbMF63gdi
1400000,$2b$12$rAL3s9ghywV/fOFLv8CGDemGzUFqDiATiwdYQygXl9gNIbMF63gdi
1500000,$2b$12$rAL3s9ghywV/fOFLv8CGDemGzUFqDiATiwdYQygXl9gNIbMF63gdi
1600000,$2b$12$rAL3s9ghywV/fOFLv8CGDemGzUFqDiATiwdYQygXl9gNIbMF63gdi
1700000,$2b$12$rAL3s9ghywV/fOFLv8CGDemGzUFqDiATiwdYQygXl9gNIbMF63gdi
1800000,$2b$12$rAL3s9ghywV/fOFLv8CGDemGzUFqDiATiwdYQygXl9gNIbMF63gdi
1900000,$2b$12$rAL3s9ghywV/fOFLv8CGDemGzUFqDiATiwdYQygXl9gNIbMF63gdi
2000000,$2b$12$rAL3s9ghywV/fOFLv8CGDemGzUFqDiATiwdYQygXl9gNIbMF63gdi
2100000,$2b$12$rAL3s9ghywV/fOFLv8CGDemGzUFqDiATiwdYQygXl9gNIbMF63gdi
2200000,$2b$12$rAL3s9ghywV/fOFLv8CGDemGzUFqDiATiwdYQygXl9gNIbMF63gdi
2300000,$2b$12$rAL3s9ghywV/fOFLv8CGDemGzUFqDiATiwdYQygXl9gNIbMF63gdi
2400000,$2b$12$rAL3s9ghywV/fOFLv8CGDemGzUFqDiATiwdYQygXl9gNIbMF63gdi
2500000,$2b$12$rAL3s9ghywV/fOFLv8CGDemGzUFqDiATiwdYQygXl9gNIbMF63gdi
2600000,$2b$12$rAL3s9ghywV/fOFLv8CGDemGzUFqDiATiwdYQygXl9gNIbMF63gdi
2700000,$2b$12$rAL3s9ghywV/fOFLv8CGDemGzUFqDiATiwdYQygXl9gNIbMF63gdi
2800000,$2b$12$rAL3s9ghywV/fOFLv8CGDemGzUFqDiATiwdYQygXl9gNIbMF63gdi
2900000,$2b$12$rAL3s9ghywV/fOFLv8CGDemGzUFqDiATiwdYQygXl9gNIbMF63gdi
